{"cameraMode":{"drawMode":0,"name":"Shaded","section":"Shading Mode"},"sceneLighting":false,"audioPlay":false,"sceneViewState":{"showFog":true,"showMaterialUpdate":false,"showSkybox":false,"showFlares":true,"showImageEffects":true,"showParticleSystems":true},"in2DMode":false,"pivot":{"x":-0.6674396991729736,"y":16.829666137695314,"z":-0.19375766813755036},"rotation":{"x":-0.504342794418335,"y":-0.47795939445495608,"z":0.405230849981308,"w":-0.5943154096603394},"size":2.8578836917877199,"orthographic":false}